{
  "accuracy": 0.685,
  "report": {
    "negative": {
      "precision": 0.7288135593220338,
      "recall": 0.4777777777777778,
      "f1-score": 0.5771812080536913,
      "support": 90.0
    },
    "positive": {
      "precision": 0.6666666666666666,
      "recall": 0.8545454545454545,
      "f1-score": 0.749003984063745,
      "support": 110.0
    },
    "accuracy": 0.685,
    "macro avg": {
      "precision": 0.6977401129943502,
      "recall": 0.6661616161616162,
      "f1-score": 0.6630925960587182,
      "support": 200.0
    },
    "weighted avg": {
      "precision": 0.6946327683615818,
      "recall": 0.685,
      "f1-score": 0.6716837348592208,
      "support": 200.0
    }
  },
  "confusion_matrix": [
    [
      94,
      16
    ],
    [
      47,
      43
    ]
  ],
  "labels": [
    "positive",
    "negative"
  ]
}